Title,Description,Strain,Stock,Price,Image
710 Nomad Rosin Moroccan Peaches Jar,"2 grams per jar
100% rosin",Moroccan Peaches,10,180,710_nomad_moroccan_peaches.png
710 Nomad Rosin Mad Honey Jar,"2 grams per jar
100% rosin",Mad Honey,10,180,710_nomad_mad_honey.png
710 Nomad Rosin Rainbow Guava Jar,"2 grams per jar
100% rosin",Rainbow Guava,10,180,710_nomad_rainbow_guava.png
710 Nomad Rosin Zoap Jar,"2 grams per jar
100% rosin",Zoap,10,180,710_nomad_zoap.png
710 Nomad Rosin Maad Fruit Jar,"2 grams per jar
100% rosin",Maad Fruit,10,180,710_nomad_maad_fruit.png
710 Nomad Rosin Red Rings Jar,"2 grams per jar
100% rosin",Red Rings,10,180,710_nomad_red_rings.png
