Title,Description,Flavor,Stock,Price,Image
Litt Edible Treasure Trove,"Litt 1000mg edibles per package
10 pieces per package
Made with pure THCA oil",Treasure Trove,10,40,treasure_trove.png
Litt Edible Candy Vibes,"Litt 1000mg edibles per package
10 pieces per package
Made with pure THCA oil",Candy Vibes,10,40,candy_vibes.png
Litt Edible Rainbow Ribbons,"Litt 1000mg edibles per package
10 pieces per package
Made with pure THCA oil",Rainbow Ribbons,10,40,rainbow_ribbons.png
Litt Edible Forest Forage Gummies,"Litt 1000mg edibles per package
10 pieces per package
Made with pure THCA oil",Forest Forage Gummies,10,40,forest_forage_gummies.png
Litt Edible Cyber Chews,"Litt 1000mg edibles per package
10 pieces per package
Made with pure THCA oil",Cyber Chews,10,40,cyber_chews.png
Litt Edible Galactic Gummy Blast,"Litt 1000mg edibles per package
10 pieces per package
Made with pure THCA oil",Galactic Gummy Blast,10,40,galactic_gummy_blast.png
